user1,"Hello, who are you?",user,2025-06-13T17:54:17.783763
user1,"Hello! I’m an AI language model developed by OpenAI. I'm here to help answer questions, provide information, and assist with a variety of topics. How can I help you today?",assistant,2025-06-13T17:55:06.583464
user1,My name is owais,user,2025-06-13T17:56:12.054309
user1,My name is owais,user,2025-06-13T17:57:02.790075
user1,My name is owais,user,2025-06-13T17:59:24.844808
user1,My name is owais,user,2025-06-13T18:02:47.882447
user1,My name is owais,user,2025-06-13T18:03:08.978996
user1,My name is owais,user,2025-06-13T18:03:42.490350
user1,My name is owais,user,2025-06-13T18:07:41.872792
user1,My name is owais,user,2025-06-13T18:10:03.556595
user1,My name is owais,user,2025-06-13T18:18:14.743846
user1,My name is owais,user,2025-06-13T18:22:08.757118
user1,My name is owais,user,2025-06-13T18:22:49.014622
user1,My name is owais,user,2025-06-13T18:27:07.497323
user1,"Nice to meet you, Owais! How can I assist you today?",assistant,2025-06-13T18:27:40.680159
user1,My name is owais,user,2025-06-13T18:28:16.962301
user1,"Got it, Owais! If there’s anything specific you’d like to talk about or any questions you have, feel free to let me know!",assistant,2025-06-13T18:28:25.529757
user1,My name is owais,user,2025-06-13T18:30:33.848327
user1,"Hi, Owais! I see you’re repeating your name. If there's something specific you'd like to discuss or if you have any questions, just let me know! I'm here to help.",assistant,2025-06-13T18:30:40.834640
user1,My name is owais,user,2025-06-13T18:32:35.865527
user1,"Hello again, Owais! It seems you’re emphasizing your name. If you’d like to share more about yourself or if there’s something specific on your mind, I’m all ears!",assistant,2025-06-13T18:32:40.318175
user2,My name is khan,user,2025-06-13T18:33:05.579398
user2,"Nice to meet you, Khan! How can I assist you today?",assistant,2025-06-13T18:33:10.348565
user3,My name is lannister and I always pay my depts,user,2025-06-13T18:33:47.687073
user3,"It sounds like you're referencing the Lannisters from ""Game of Thrones""! They are known for their wealth and the saying ""A Lannister always pays his debts."" It's a clever way to highlight a commitment to honor and responsibility. How can I assist you today?",assistant,2025-06-13T18:33:50.297505
user1,what is my name,user,2025-06-13T18:34:10.599911
user1,Your name is Owais. How can I assist you today?,assistant,2025-06-13T18:34:11.732004
